Date_reported,Country_code,Country,WHO_region,New_cases,Cumulative_cases,New_deaths,Cumulative_deaths
2024-01-01,BG,Bulgaria,EURO,372,714,3,11
2024-01-01,DE,Germany,EURO,1821,1887,21,41
2024-01-01,IT,Italy,EURO,1367,1636,11,16
2024-01-01,US,United States of America,AMRO,3133,3430,40,41
2024-01-01,BR,Brazil,AMRO,2193,2538,10,26
2024-01-01,ZA,South Africa,AFRO,867,924,10,25
2024-01-01,IN,India,SEARO,2538,2693,23,33
2024-01-01,JP,Japan,WPRO,1211,1497,21,23
2024-01-01,AU,Australia,WPRO,718,1184,5,12
2024-01-01,EG,Egypt,EMRO,624,925,1,12
2024-01-02,BG,Bulgaria,EURO,138,852,0,11
2024-01-02,DE,Germany,EURO,745,2632,7,48
2024-01-02,IT,Italy,EURO,627,2263,10,26
2024-01-02,US,United States of America,AMRO,1070,4500,13,54
2024-01-02,BR,Brazil,AMRO,890,3428,7,33
2024-01-02,ZA,South Africa,AFRO,286,1210,3,28
2024-01-02,IN,India,SEARO,996,3689,15,48
2024-01-02,JP,Japan,WPRO,430,1927,6,29
2024-01-02,AU,Australia,WPRO,272,1456,1,13
2024-01-02,EG,Egypt,EMRO,194,1119,1,13
2024-01-03,BG,Bulgaria,EURO,172,1024,2,13
2024-01-03,DE,Germany,EURO,616,3248,6,54
2024-01-03,IT,Italy,EURO,440,2703,1,27
2024-01-03,US,United States of America,AMRO,1190,5690,20,74
2024-01-03,BR,Brazil,AMRO,957,4385,4,37
2024-01-03,ZA,South Africa,AFRO,284,1494,2,30
2024-01-03,IN,India,SEARO,917,4606,15,63
2024-01-03,JP,Japan,WPRO,490,2417,8,37
2024-01-03,AU,Australia,WPRO,267,1723,1,14
2024-01-03,EG,Egypt,EMRO,215,1334,0,13
2024-01-04,BG,Bulgaria,EURO,153,1177,0,13
2024-01-04,DE,Germany,EURO,641,3889,4,58
2024-01-04,IT,Italy,EURO,497,3200,2,29
2024-01-04,US,United States of America,AMRO,1232,6922,21,95
2024-01-04,BR,Brazil,AMRO,739,5124,10,47
2024-01-04,ZA,South Africa,AFRO,382,1876,5,35
2024-01-04,IN,India,SEARO,987,5593,8,71
2024-01-04,JP,Japan,WPRO,381,2798,4,41
2024-01-04,AU,Australia,WPRO,215,1938,1,15
2024-01-04,EG,Egypt,EMRO,220,1554,1,14
2024-01-05,BG,Bulgaria,EURO,136,1313,1,14
2024-01-05,DE,Germany,EURO,661,4550,5,63
2024-01-05,IT,Italy,EURO,546,3746,6,35
2024-01-05,US,United States of America,AMRO,1023,7945,14,109
2024-01-05,BR,Brazil,AMRO,789,5913,8,55
2024-01-05,ZA,South Africa,AFRO,387,2263,1,36
2024-01-05,IN,India,SEARO,1070,6663,13,84
2024-01-05,JP,Japan,WPRO,482,3280,2,43
2024-01-05,AU,Australia,WPRO,279,2217,3,18
2024-01-05,EG,Egypt,EMRO,248,1802,2,16
2024-01-06,BG,Bulgaria,EURO,164,1477,0,14
2024-01-06,DE,Germany,EURO,805,5355,2,65
2024-01-06,IT,Italy,EURO,526,4272,8,43
2024-01-06,US,United States of America,AMRO,1346,9291,2,111
2024-01-06,BR,Brazil,AMRO,924,6837,2,57
2024-01-06,ZA,South Africa,AFRO,349,2612,1,37
2024-01-06,IN,India,SEARO,875,7538,10,94
2024-01-06,JP,Japan,WPRO,504,3784,2,45
2024-01-06,AU,Australia,WPRO,265,2482,3,21
2024-01-06,EG,Egypt,EMRO,237,2039,1,17
2024-01-07,BG,Bulgaria,EURO,136,1613,2,16
2024-01-07,DE,Germany,EURO,814,6169,7,72
2024-01-07,IT,Italy,EURO,586,4858,6,49
2024-01-07,US,United States of America,AMRO,1167,10458,5,116
2024-01-07,BR,Brazil,AMRO,771,7608,5,62
2024-01-07,ZA,South Africa,AFRO,268,2880,3,40
2024-01-07,IN,India,SEARO,1149,8687,18,112
2024-01-07,JP,Japan,WPRO,527,4311,8,53
2024-01-07,AU,Australia,WPRO,271,2753,0,21
2024-01-07,EG,Egypt,EMRO,194,2233,3,20
2024-01-08,BG,Bulgaria,EURO,157,1770,2,18
2024-01-08,DE,Germany,EURO,716,6885,9,81
2024-01-08,IT,Italy,EURO,452,5310,1,50
2024-01-08,US,United States of America,AMRO,1191,11649,16,132
2024-01-08,BR,Brazil,AMRO,714,8322,12,74
2024-01-08,ZA,South Africa,AFRO,343,3223,1,41
2024-01-08,IN,India,SEARO,1074,9761,4,116
2024-01-08,JP,Japan,WPRO,542,4853,4,57
2024-01-08,AU,Australia,WPRO,320,3073,1,22
2024-01-08,EG,Egypt,EMRO,234,2467,1,21
2024-01-09,BG,Bulgaria,EURO,167,1937,0,18
2024-01-09,DE,Germany,EURO,696,7581,12,93
2024-01-09,IT,Italy,EURO,605,5915,10,60
2024-01-09,US,United States of America,AMRO,1147,12796,18,150
2024-01-09,BR,Brazil,AMRO,927,9249,12,86
2024-01-09,ZA,South Africa,AFRO,384,3607,4,45
2024-01-09,IN,India,SEARO,1114,10875,5,121
2024-01-09,JP,Japan,WPRO,542,5395,4,61
2024-01-09,AU,Australia,WPRO,300,3373,4,26
2024-01-09,EG,Egypt,EMRO,190,2657,1,22
2024-01-10,BG,Bulgaria,EURO,159,2096,1,19
2024-01-10,DE,Germany,EURO,775,8356,12,105
2024-01-10,IT,Italy,EURO,586,6501,3,63
2024-01-10,US,United States of America,AMRO,1295,14091,11,161
2024-01-10,BR,Brazil,AMRO,695,9944,10,96
2024-01-10,ZA,South Africa,AFRO,349,3956,2,47
2024-01-10,IN,India,SEARO,1053,11928,9,130
2024-01-10,JP,Japan,WPRO,429,5824,5,66
2024-01-10,AU,Australia,WPRO,246,3619,2,28
2024-01-10,EG,Egypt,EMRO,217,2874,2,24
2024-01-11,BG,Bulgaria,EURO,152,2248,2,21
2024-01-11,DE,Germany,EURO,787,9143,7,112
2024-01-11,IT,Italy,EURO,507,7008,3,66
2024-01-11,US,United States of America,AMRO,1041,15132,10,171
2024-01-11,BR,Brazil,AMRO,878,10822,13,109
2024-01-11,ZA,South Africa,AFRO,382,4338,1,48
2024-01-11,IN,India,SEARO,1096,13024,14,144
2024-01-11,JP,Japan,WPRO,564,6388,4,70
2024-01-11,AU,Australia,WPRO,311,3930,1,29
2024-01-11,EG,Egypt,EMRO,257,3131,4,28
2024-01-12,BG,Bulgaria,EURO,166,2414,1,22
2024-01-12,DE,Germany,EURO,736,9879,1,113
2024-01-12,IT,Italy,EURO,503,7511,6,72
2024-01-12,US,United States of America,AMRO,937,16069,12,183
2024-01-12,BR,Brazil,AMRO,962,11784,7,116
2024-01-12,ZA,South Africa,AFRO,307,4645,1,49
2024-01-12,IN,India,SEARO,977,14001,3,147
2024-01-12,JP,Japan,WPRO,393,6781,2,72
2024-01-12,AU,Australia,WPRO,305,4235,0,29
2024-01-12,EG,Egypt,EMRO,233,3364,1,29
2024-01-13,BG,Bulgaria,EURO,156,2570,2,24
2024-01-13,DE,Germany,EURO,588,10467,4,117
2024-01-13,IT,Italy,EURO,506,8017,7,79
2024-01-13,US,United States of America,AMRO,1194,17263,6,189
2024-01-13,BR,Brazil,AMRO,938,12722,13,129
2024-01-13,ZA,South Africa,AFRO,343,4988,5,54
2024-01-13,IN,India,SEARO,1156,15157,15,162
2024-01-13,JP,Japan,WPRO,392,7173,1,73
2024-01-13,AU,Australia,WPRO,256,4491,4,33
2024-01-13,EG,Egypt,EMRO,230,3594,1,30
2024-01-14,BG,Bulgaria,EURO,160,2730,0,24
2024-01-14,DE,Germany,EURO,660,11127,2,119
2024-01-14,IT,Italy,EURO,622,8639,9,88
2024-01-14,US,United States of America,AMRO,984,18247,2,191
2024-01-14,BR,Brazil,AMRO,924,13646,9,138
2024-01-14,ZA,South Africa,AFRO,349,5337,1,55
2024-01-14,IN,India,SEARO,1044,16201,11,173
2024-01-14,JP,Japan,WPRO,469,7642,1,74
2024-01-14,AU,Australia,WPRO,266,4757,3,36
2024-01-14,EG,Egypt,EMRO,258,3852,2,32
2024-01-15,BG,Bulgaria,EURO,158,2888,2,26
2024-01-15,DE,Germany,EURO,679,11806,5,124
2024-01-15,IT,Italy,EURO,538,9177,8,96
2024-01-15,US,United States of America,AMRO,1085,19332,18,209
2024-01-15,BR,Brazil,AMRO,922,14568,8,146
2024-01-15,ZA,South Africa,AFRO,319,5656,1,56
2024-01-15,IN,India,SEARO,1158,17359,5,178
2024-01-15,JP,Japan,WPRO,437,8079,5,79
2024-01-15,AU,Australia,WPRO,244,5001,2,38
2024-01-15,EG,Egypt,EMRO,236,4088,2,34
2024-01-16,BG,Bulgaria,EURO,133,3021,1,27
2024-01-16,DE,Germany,EURO,674,12480,4,128
2024-01-16,IT,Italy,EURO,487,9664,1,97
2024-01-16,US,United States of America,AMRO,1000,20332,3,212
2024-01-16,BR,Brazil,AMRO,949,15517,7,153
2024-01-16,ZA,South Africa,AFRO,317,5973,2,58
2024-01-16,IN,India,SEARO,851,18210,7,185
2024-01-16,JP,Japan,WPRO,499,8578,1,80
2024-01-16,AU,Australia,WPRO,317,5318,1,39
2024-01-16,EG,Egypt,EMRO,210,4298,0,34
2024-01-17,BG,Bulgaria,EURO,171,3192,2,29
2024-01-17,DE,Germany,EURO,819,13299,13,141
2024-01-17,IT,Italy,EURO,504,10168,8,105
2024-01-17,US,United States of America,AMRO,988,21320,15,227
2024-01-17,BR,Brazil,AMRO,740,16257,8,161
2024-01-17,ZA,South Africa,AFRO,367,6340,1,59
2024-01-17,IN,India,SEARO,1148,19358,18,203
2024-01-17,JP,Japan,WPRO,480,9058,8,88
2024-01-17,AU,Australia,WPRO,260,5578,4,43
2024-01-17,EG,Egypt,EMRO,195,4493,1,35
2024-01-18,BG,Bulgaria,EURO,147,3339,1,30
2024-01-18,DE,Germany,EURO,739,14038,10,151
2024-01-18,IT,Italy,EURO,556,10724,6,111
2024-01-18,US,United States of America,AMRO,950,22270,7,234
2024-01-18,BR,Brazil,AMRO,917,17174,10,171
2024-01-18,ZA,South Africa,AFRO,322,6662,3,62
2024-01-18,IN,India,SEARO,826,20184,10,213
2024-01-18,JP,Japan,WPRO,553,9611,4,92
2024-01-18,AU,Australia,WPRO,239,5817,0,43
2024-01-18,EG,Egypt,EMRO,261,4754,3,38
2024-01-19,BG,Bulgaria,EURO,126,3465,1,31
2024-01-19,DE,Germany,EURO,784,14822,8,159
2024-01-19,IT,Italy,EURO,493,11217,3,114
2024-01-19,US,United States of America,AMRO,996,23266,11,245
2024-01-19,BR,Brazil,AMRO,935,18109,9,180
2024-01-19,ZA,South Africa,AFRO,279,6941,2,64
2024-01-19,IN,India,SEARO,836,21020,1,214
2024-01-19,JP,Japan,WPRO,490,10101,3,95
2024-01-19,AU,Australia,WPRO,232,6049,3,46
2024-01-19,EG,Egypt,EMRO,225,4979,1,39
2024-01-20,BG,Bulgaria,EURO,150,3615,2,33
2024-01-20,DE,Germany,EURO,667,15489,1,160
2024-01-20,IT,Italy,EURO,452,11669,2,116
2024-01-20,US,United States of America,AMRO,1320,24586,6,251
2024-01-20,BR,Brazil,AMRO,776,18885,6,186
2024-01-20,ZA,South Africa,AFRO,367,7308,5,69
2024-01-20,IN,India,SEARO,1209,22229,3,217
2024-01-20,JP,Japan,WPRO,381,10482,1,96
2024-01-20,AU,Australia,WPRO,217,6266,2,48
2024-01-20,EG,Egypt,EMRO,202,5181,0,39
2024-01-21,BG,Bulgaria,EURO,144,3759,0,33
2024-01-21,DE,Germany,EURO,802,16291,11,171
2024-01-21,IT,Italy,EURO,466,12135,5,121
2024-01-21,US,United States of America,AMRO,924,25510,10,261
2024-01-21,BR,Brazil,AMRO,677,19562,8,194
2024-01-21,ZA,South Africa,AFRO,377,7685,3,72
2024-01-21,IN,India,SEARO,915,23144,2,219
2024-01-21,JP,Japan,WPRO,540,11022,5,101
2024-01-21,AU,Australia,WPRO,300,6566,4,52
2024-01-21,EG,Egypt,EMRO,265,5446,0,39
2024-01-22,BG,Bulgaria,EURO,386,4145,2,35
2024-01-22,DE,Germany,EURO,1796,18087,16,187
2024-01-22,IT,Italy,EURO,1309,13444,8,129
2024-01-22,US,United States of America,AMRO,2978,28488,20,281
2024-01-22,BR,Brazil,AMRO,2013,21575,21,215
2024-01-22,ZA,South Africa,AFRO,863,8548,11,83
2024-01-22,IN,India,SEARO,2641,25785,39,258
2024-01-22,JP,Japan,WPRO,1297,12319,7,108
2024-01-22,AU,Australia,WPRO,736,7302,7,59
2024-01-22,EG,Egypt,EMRO,615,6061,2,41
2024-01-23,BG,Bulgaria,EURO,133,4278,1,36
2024-01-23,DE,Germany,EURO,620,18707,7,194
2024-01-23,IT,Italy,EURO,567,14011,1,130
2024-01-23,US,United States of America,AMRO,985,29473,6,287
2024-01-23,BR,Brazil,AMRO,874,22449,3,218
2024-01-23,ZA,South Africa,AFRO,276,8824,2,85
2024-01-23,IN,India,SEARO,1172,26957,15,273
2024-01-23,JP,Japan,WPRO,512,12831,3,111
2024-01-23,AU,Australia,WPRO,279,7581,1,60
2024-01-23,EG,Egypt,EMRO,270,6331,1,42
2024-01-24,BG,Bulgaria,EURO,145,4423,1,37
2024-01-24,DE,Germany,EURO,811,19518,10,204
2024-01-24,IT,Italy,EURO,599,14610,9,139
2024-01-24,US,United States of America,AMRO,1295,30768,6,293
2024-01-24,BR,Brazil,AMRO,909,23358,11,229
2024-01-24,ZA,South Africa,AFRO,299,9123,0,85
2024-01-24,IN,India,SEARO,1122,28079,9,282
2024-01-24,JP,Japan,WPRO,500,13331,6,117
2024-01-24,AU,Australia,WPRO,237,7818,2,62
2024-01-24,EG,Egypt,EMRO,225,6556,2,44
2024-01-25,BG,Bulgaria,EURO,156,4579,2,39
2024-01-25,DE,Germany,EURO,864,20382,6,210
2024-01-25,IT,Italy,EURO,584,15194,10,149
2024-01-25,US,United States of America,AMRO,1278,32046,21,314
2024-01-25,BR,Brazil,AMRO,716,24074,2,231
2024-01-25,ZA,South Africa,AFRO,273,9396,3,88
2024-01-25,IN,India,SEARO,1090,29169,11,293
2024-01-25,JP,Japan,WPRO,477,13808,5,122
2024-01-25,AU,Australia,WPRO,310,8128,1,63
2024-01-25,EG,Egypt,EMRO,269,6825,3,47
2024-01-26,BG,Bulgaria,EURO,128,4707,0,39
2024-01-26,DE,Germany,EURO,585,20967,9,219
2024-01-26,IT,Italy,EURO,531,15725,2,151
2024-01-26,US,United States of America,AMRO,1144,33190,17,331
2024-01-26,BR,Brazil,AMRO,696,24770,2,233
2024-01-26,ZA,South Africa,AFRO,353,9749,5,93
2024-01-26,IN,India,SEARO,1039,30208,7,300
2024-01-26,JP,Japan,WPRO,412,14220,5,127
2024-01-26,AU,Australia,WPRO,261,8389,2,65
2024-01-26,EG,Egypt,EMRO,249,7074,1,48
2024-01-27,BG,Bulgaria,EURO,180,4887,2,41
2024-01-27,DE,Germany,EURO,659,21626,10,229
2024-01-27,IT,Italy,EURO,475,16200,7,158
2024-01-27,US,United States of America,AMRO,1206,34396,11,342
2024-01-27,BR,Brazil,AMRO,847,25617,12,245
2024-01-27,ZA,South Africa,AFRO,308,10057,5,98
2024-01-27,IN,India,SEARO,1094,31302,14,314
2024-01-27,JP,Japan,WPRO,419,14639,6,133
2024-01-27,AU,Australia,WPRO,285,8674,3,68
2024-01-27,EG,Egypt,EMRO,189,7263,2,50
2024-01-28,BG,Bulgaria,EURO,149,5036,0,41
2024-01-28,DE,Germany,EURO,687,22313,11,240
2024-01-28,IT,Italy,EURO,536,16736,2,160
2024-01-28,US,United States of America,AMRO,987,35383,7,349
2024-01-28,BR,Brazil,AMRO,973,26590,5,250
2024-01-28,ZA,South Africa,AFRO,345,10402,2,100
2024-01-28,IN,India,SEARO,952,32254,4,318
2024-01-28,JP,Japan,WPRO,504,15143,4,137
2024-01-28,AU,Australia,WPRO,253,8927,0,68
2024-01-28,EG,Egypt,EMRO,266,7529,1,51
2024-01-29,BG,Bulgaria,EURO,187,5223,2,43
2024-01-29,DE,Germany,EURO,614,22927,5,245
2024-01-29,IT,Italy,EURO,502,17238,4,164
2024-01-29,US,United States of America,AMRO,1357,36740,20,369
2024-01-29,BR,Brazil,AMRO,874,27464,7,257
2024-01-29,ZA,South Africa,AFRO,293,10695,1,101
2024-01-29,IN,India,SEARO,912,33166,14,332
2024-01-29,JP,Japan,WPRO,408,15551,6,143
2024-01-29,AU,Australia,WPRO,288,9215,0,68
2024-01-29,EG,Egypt,EMRO,190,7719,1,52
2024-01-30,BG,Bulgaria,EURO,176,5399,1,44
2024-01-30,DE,Germany,EURO,837,23764,13,258
2024-01-30,IT,Italy,EURO,451,17689,3,167
2024-01-30,US,United States of America,AMRO,969,37709,13,382
2024-01-30,BR,Brazil,AMRO,904,28368,13,270
2024-01-30,ZA,South Africa,AFRO,370,11065,6,107
2024-01-30,IN,India,SEARO,1057,34223,18,350
2024-01-30,JP,Japan,WPRO,552,16103,6,149
2024-01-30,AU,Australia,WPRO,283,9498,3,71
2024-01-30,EG,Egypt,EMRO,228,7947,2,54
2024-01-31,BG,Bulgaria,EURO,174,5573,1,45
2024-01-31,DE,Germany,EURO,939,24703,8,266
2024-01-31,IT,Italy,EURO,764,18453,7,174
2024-01-31,US,United States of America,AMRO,1422,39131,24,406
2024-01-31,BR,Brazil,AMRO,1258,29626,20,290
2024-01-31,ZA,South Africa,AFRO,357,11422,3,110
2024-01-31,IN,India,SEARO,1360,35583,16,366
2024-01-31,JP,Japan,WPRO,672,16775,4,153
2024-01-31,AU,Australia,WPRO,324,9822,1,72
2024-01-31,EG,Egypt,EMRO,346,8293,1,55
2024-02-01,BG,Bulgaria,EURO,228,5801,3,48
2024-02-01,DE,Germany,EURO,1156,25859,12,278
2024-02-01,IT,Italy,EURO,577,19030,1,175
2024-02-01,US,United States of America,AMRO,1505,40636,26,432
2024-02-01,BR,Brazil,AMRO,1089,30715,5,295
2024-02-01,ZA,South Africa,AFRO,418,11840,1,111
2024-02-01,IN,India,SEARO,1429,37012,10,376
2024-02-01,JP,Japan,WPRO,687,17462,4,157
2024-02-01,AU,Australia,WPRO,286,10108,1,73
2024-02-01,EG,Egypt,EMRO,326,8619,3,58
2024-02-02,BG,Bulgaria,EURO,191,5992,0,48
2024-02-02,DE,Germany,EURO,1028,26887,6,284
2024-02-02,IT,Italy,EURO,619,19649,3,178
2024-02-02,US,United States of America,AMRO,1312,41948,16,448
2024-02-02,BR,Brazil,AMRO,1042,31757,3,298
2024-02-02,ZA,South Africa,AFRO,514,12354,7,118
2024-02-02,IN,India,SEARO,1310,38322,9,385
2024-02-02,JP,Japan,WPRO,703,18165,6,163
2024-02-02,AU,Australia,WPRO,403,10511,2,75
2024-02-02,EG,Egypt,EMRO,292,8911,2,60
2024-02-03,BG,Bulgaria,EURO,170,6162,1,49
2024-02-03,DE,Germany,EURO,1031,27918,10,294
2024-02-03,IT,Italy,EURO,716,20365,6,184
2024-02-03,US,United States of America,AMRO,1262,43210,5,453
2024-02-03,BR,Brazil,AMRO,1008,32765,10,308
2024-02-03,ZA,South Africa,AFRO,461,12815,3,121
2024-02-03,IN,India,SEARO,1109,39431,19,404
2024-02-03,JP,Japan,WPRO,714,18879,6,169
2024-02-03,AU,Australia,WPRO,415,10926,1,76
2024-02-03,EG,Egypt,EMRO,271,9182,1,61
2024-02-04,BG,Bulgaria,EURO,202,6364,1,50
2024-02-04,DE,Germany,EURO,865,28783,7,301
2024-02-04,IT,Italy,EURO,839,21204,14,198
2024-02-04,US,United States of America,AMRO,1611,44821,25,478
2024-02-04,BR,Brazil,AMRO,1216,33981,18,326
2024-02-04,ZA,South Africa,AFRO,368,13183,3,124
2024-02-04,IN,India,SEARO,1283,40714,12,416
2024-02-04,JP,Japan,WPRO,769,19648,12,181
2024-02-04,AU,Australia,WPRO,388,11314,6,82
2024-02-04,EG,Egypt,EMRO,363,9545,1,62
2024-02-05,BG,Bulgaria,EURO,249,6613,3,53
2024-02-05,DE,Germany,EURO,912,29695,8,309
2024-02-05,IT,Italy,EURO,823,22027,9,207
2024-02-05,US,United States of America,AMRO,1702,46523,14,492
2024-02-05,BR,Brazil,AMRO,1048,35029,9,335
2024-02-05,ZA,South Africa,AFRO,429,13612,2,126
2024-02-05,IN,India,SEARO,1605,42319,25,441
2024-02-05,JP,Japan,WPRO,650,20298,6,187
2024-02-05,AU,Australia,WPRO,419,11733,1,83
2024-02-05,EG,Egypt,EMRO,290,9835,4,66
2024-02-06,BG,Bulgaria,EURO,232,6845,3,56
2024-02-06,DE,Germany,EURO,831,30526,11,320
2024-02-06,IT,Italy,EURO,760,22787,10,217
2024-02-06,US,United States of America,AMRO,1356,47879,6,498
2024-02-06,BR,Brazil,AMRO,1162,36191,14,349
2024-02-06,ZA,South Africa,AFRO,364,13976,4,130
2024-02-06,IN,India,SEARO,1277,43596,18,459
2024-02-06,JP,Japan,WPRO,764,21062,10,197
2024-02-06,AU,Australia,WPRO,394,12127,6,89
2024-02-06,EG,Egypt,EMRO,311,10146,2,68
2024-02-07,BG,Bulgaria,EURO,203,7048,3,59
2024-02-07,DE,Germany,EURO,903,31429,13,333
2024-02-07,IT,Italy,EURO,729,23516,4,221
2024-02-07,US,United States of America,AMRO,1490,49369,14,512
2024-02-07,BR,Brazil,AMRO,950,37141,8,357
2024-02-07,ZA,South Africa,AFRO,382,14358,2,132
2024-02-07,IN,India,SEARO,1181,44777,16,475
2024-02-07,JP,Japan,WPRO,606,21668,3,200
2024-02-07,AU,Australia,WPRO,407,12534,5,94
2024-02-07,EG,Egypt,EMRO,291,10437,3,71
2024-02-08,BG,Bulgaria,EURO,232,7280,0,59
2024-02-08,DE,Germany,EURO,1174,32603,14,347
2024-02-08,IT,Italy,EURO,847,24363,3,224
2024-02-08,US,United States of America,AMRO,1263,50632,21,533
2024-02-08,BR,Brazil,AMRO,1188,38329,14,371
2024-02-08,ZA,South Africa,AFRO,490,14848,8,140
2024-02-08,IN,India,SEARO,1533,46310,3,478
2024-02-08,JP,Japan,WPRO,718,22386,2,202
2024-02-08,AU,Australia,WPRO,324,12858,3,97
2024-02-08,EG,Egypt,EMRO,253,10690,1,72
2024-02-09,BG,Bulgaria,EURO,190,7470,2,61
2024-02-09,DE,Germany,EURO,967,33570,13,360
2024-02-09,IT,Italy,EURO,787,25150,12,236
2024-02-09,US,United States of America,AMRO,1254,51886,11,544
2024-02-09,BR,Brazil,AMRO,1236,39565,20,391
2024-02-09,ZA,South Africa,AFRO,368,15216,0,140
2024-02-09,IN,India,SEARO,1472,47782,12,490
2024-02-09,JP,Japan,WPRO,697,23083,4,206
2024-02-09,AU,Australia,WPRO,387,13245,4,101
2024-02-09,EG,Egypt,EMRO,305,10995,2,74
2024-02-10,BG,Bulgaria,EURO,172,7642,1,62
2024-02-10,DE,Germany,EURO,1012,34582,7,367
2024-02-10,IT,Italy,EURO,656,25806,8,244
2024-02-10,US,United States of America,AMRO,1822,53708,12,556
2024-02-10,BR,Brazil,AMRO,1117,40682,14,405
2024-02-10,ZA,South Africa,AFRO,386,15602,6,146
2024-02-10,IN,India,SEARO,1539,49321,12,502
2024-02-10,JP,Japan,WPRO,672,23755,5,211
2024-02-10,AU,Australia,WPRO,311,13556,1,102
2024-02-10,EG,Egypt,EMRO,268,11263,4,78
2024-02-11,BG,Bulgaria,EURO,214,7856,1,63
2024-02-11,DE,Germany,EURO,784,35366,7,374
2024-02-11,IT,Italy,EURO,843,26649,11,255
2024-02-11,US,United States of America,AMRO,1463,55171,12,568
2024-02-11,BR,Brazil,AMRO,1061,41743,4,409
2024-02-11,ZA,South Africa,AFRO,415,16017,5,151
2024-02-11,IN,India,SEARO,1570,50891,6,508
2024-02-11,JP,Japan,WPRO,530,24285,7,218
2024-02-11,AU,Australia,WPRO,311,13867,3,105
2024-02-11,EG,Egypt,EMRO,337,11600,1,79
2024-02-12,BG,Bulgaria,EURO,464,8320,3,66
2024-02-12,DE,Germany,EURO,2275,37641,32,406
2024-02-12,IT,Italy,EURO,1525,28174,24,279
2024-02-12,US,United States of America,AMRO,3205,58376,10,578
2024-02-12,BR,Brazil,AMRO,2435,44178,37,446
2024-02-12,ZA,South Africa,AFRO,908,16925,12,163
2024-02-12,IN,India,SEARO,2930,53821,26,534
2024-02-12,JP,Japan,WPRO,1472,25757,18,236
2024-02-12,AU,Australia,WPRO,815,14682,9,114
2024-02-12,EG,Egypt,EMRO,712,12312,9,88
2024-02-13,BG,Bulgaria,EURO,179,8499,2,68
2024-02-13,DE,Germany,EURO,1093,38734,13,419
2024-02-13,IT,Italy,EURO,696,28870,6,285
2024-02-13,US,United States of America,AMRO,1709,60085,4,582
2024-02-13,BR,Brazil,AMRO,1121,45299,10,456
2024-02-13,ZA,South Africa,AFRO,461,17386,7,170
2024-02-13,IN,India,SEARO,1490,55311,14,548
2024-02-13,JP,Japan,WPRO,526,26283,4,240
2024-02-13,AU,Australia,WPRO,396,15078,4,118
2024-02-13,EG,Egypt,EMRO,337,12649,5,93
2024-02-14,BG,Bulgaria,EURO,232,8731,3,71
2024-02-14,DE,Germany,EURO,940,39674,7,426
2024-02-14,IT,Italy,EURO,677,29547,8,293
2024-02-14,US,United States of America,AMRO,1287,61372,9,591
2024-02-14,BR,Brazil,AMRO,939,46238,3,459
2024-02-14,ZA,South Africa,AFRO,438,17824,3,173
2024-02-14,IN,India,SEARO,1228,56539,13,561
2024-02-14,JP,Japan,WPRO,572,26855,8,248
2024-02-14,AU,Australia,WPRO,283,15361,2,120
2024-02-14,EG,Egypt,EMRO,291,12940,3,96
2024-02-15,BG,Bulgaria,EURO,190,8921,2,73
2024-02-15,DE,Germany,EURO,866,40540,4,430
2024-02-15,IT,Italy,EURO,569,30116,4,297
2024-02-15,US,United States of America,AMRO,1543,62915,7,598
2024-02-15,BR,Brazil,AMRO,915,47153,10,469
2024-02-15,ZA,South Africa,AFRO,515,18339,5,178
2024-02-15,IN,India,SEARO,1117,57656,17,578
2024-02-15,JP,Japan,WPRO,614,27469,6,254
2024-02-15,AU,Australia,WPRO,372,15733,4,124
2024-02-15,EG,Egypt,EMRO,268,13208,2,98
2024-02-16,BG,Bulgaria,EURO,230,9151,3,76
2024-02-16,DE,Germany,EURO,997,41537,17,447
2024-02-16,IT,Italy,EURO,669,30785,1,298
2024-02-16,US,United States of America,AMRO,1329,64244,5,603
2024-02-16,BR,Brazil,AMRO,882,48035,8,477
2024-02-16,ZA,South Africa,AFRO,491,18830,5,183
2024-02-16,IN,India,SEARO,1543,59199,24,602
2024-02-16,JP,Japan,WPRO,518,27987,1,255
2024-02-16,AU,Australia,WPRO,383,16116,1,125
2024-02-16,EG,Egypt,EMRO,363,13571,5,103
2024-02-17,BG,Bulgaria,EURO,195,9346,0,76
2024-02-17,DE,Germany,EURO,1135,42672,13,460
2024-02-17,IT,Italy,EURO,733,31518,5,303
2024-02-17,US,United States of America,AMRO,1449,65693,15,618
2024-02-17,BR,Brazil,AMRO,1125,49160,12,489
2024-02-17,ZA,South Africa,AFRO,363,19193,5,188
2024-02-17,IN,India,SEARO,1112,60311,16,618
2024-02-17,JP,Japan,WPRO,517,28504,2,257
2024-02-17,AU,Australia,WPRO,329,16445,1,126
2024-02-17,EG,Egypt,EMRO,255,13826,2,105
2024-02-18,BG,Bulgaria,EURO,224,9570,0,76
2024-02-18,DE,Germany,EURO,1094,43766,8,468
2024-02-18,IT,Italy,EURO,567,32085,6,309
2024-02-18,US,United States of America,AMRO,1336,67029,15,633
2024-02-18,BR,Brazil,AMRO,1273,50433,19,508
2024-02-18,ZA,South Africa,AFRO,471,19664,1,189
2024-02-18,IN,India,SEARO,1213,61524,19,637
2024-02-18,JP,Japan,WPRO,720,29224,12,269
2024-02-18,AU,Australia,WPRO,367,16812,2,128
2024-02-18,EG,Egypt,EMRO,264,14090,2,107
2024-02-19,BG,Bulgaria,EURO,201,9771,2,78
2024-02-19,DE,Germany,EURO,922,44688,9,477
2024-02-19,IT,Italy,EURO,824,32909,7,316
2024-02-19,US,United States of America,AMRO,1752,68781,28,661
2024-02-19,BR,Brazil,AMRO,1220,51653,8,516
2024-02-19,ZA,South Africa,AFRO,488,20152,1,190
2024-02-19,IN,India,SEARO,1363,62887,14,651
2024-02-19,JP,Japan,WPRO,538,29762,2,271
2024-02-19,AU,Australia,WPRO,414,17226,4,132
2024-02-19,EG,Egypt,EMRO,368,14458,6,113
2024-02-20,BG,Bulgaria,EURO,251,10022,1,79
2024-02-20,DE,Germany,EURO,826,45514,12,489
2024-02-20,IT,Italy,EURO,811,33720,7,323
2024-02-20,US,United States of America,AMRO,1262,70043,4,665
2024-02-20,BR,Brazil,AMRO,1097,52750,17,533
2024-02-20,ZA,South Africa,AFRO,379,20531,3,193
2024-02-20,IN,India,SEARO,1374,64261,10,661
2024-02-20,JP,Japan,WPRO,703,30465,8,279
2024-02-20,AU,Australia,WPRO,402,17628,7,139
2024-02-20,EG,Egypt,EMRO,322,14780,1,114
2024-02-21,BG,Bulgaria,EURO,194,10216,0,79
2024-02-21,DE,Germany,EURO,1156,46670,2,491
2024-02-21,IT,Italy,EURO,645,34365,7,330
2024-02-21,US,United States of America,AMRO,1474,71517,22,687
2024-02-21,BR,Brazil,AMRO,1121,53871,17,550
2024-02-21,ZA,South Africa,AFRO,363,20894,1,194
2024-02-21,IN,India,SEARO,1509,65770,24,685
2024-02-21,JP,Japan,WPRO,673,31138,4,283
2024-02-21,AU,Australia,WPRO,311,17939,1,140
2024-02-21,EG,Egypt,EMRO,328,15108,1,115
2024-02-22,BG,Bulgaria,EURO,193,10409,1,80
2024-02-22,DE,Germany,EURO,818,47488,9,500
2024-02-22,IT,Italy,EURO,822,35187,1,331
2024-02-22,US,United States of America,AMRO,1570,73087,10,697
2024-02-22,BR,Brazil,AMRO,1127,54998,3,553
2024-02-22,ZA,South Africa,AFRO,360,21254,2,196
2024-02-22,IN,India,SEARO,1351,67121,14,699
2024-02-22,JP,Japan,WPRO,722,31860,4,287
2024-02-22,AU,Australia,WPRO,400,18339,3,143
2024-02-22,EG,Egypt,EMRO,356,15464,4,119
2024-02-23,BG,Bulgaria,EURO,216,10625,3,83
2024-02-23,DE,Germany,EURO,1053,48541,12,512
2024-02-23,IT,Italy,EURO,720,35907,11,342
2024-02-23,US,United States of America,AMRO,1714,74801,3,700
2024-02-23,BR,Brazil,AMRO,965,55963,6,559
2024-02-23,ZA,South Africa,AFRO,415,21669,3,199
2024-02-23,IN,India,SEARO,1345,68466,23,722
2024-02-23,JP,Japan,WPRO,685,32545,11,298
2024-02-23,AU,Australia,WPRO,332,18671,2,145
2024-02-23,EG,Egypt,EMRO,259,15723,2,121
2024-02-24,BG,Bulgaria,EURO,180,10805,1,84
2024-02-24,DE,Germany,EURO,1009,49550,12,524
2024-02-24,IT,Italy,EURO,669,36576,3,345
2024-02-24,US,United States of America,AMRO,1687,76488,15,715
2024-02-24,BR,Brazil,AMRO,891,56854,13,572
2024-02-24,ZA,South Africa,AFRO,429,22098,3,202
2024-02-24,IN,India,SEARO,1590,70056,8,730
2024-02-24,JP,Japan,WPRO,529,33074,9,307
2024-02-24,AU,Australia,WPRO,345,19016,2,147
2024-02-24,EG,Egypt,EMRO,359,16082,1,122
2024-02-25,BG,Bulgaria,EURO,240,11045,3,87
2024-02-25,DE,Germany,EURO,823,50373,14,538
2024-02-25,IT,Italy,EURO,592,37168,1,346
2024-02-25,US,United States of America,AMRO,1377,77865,18,733
2024-02-25,BR,Brazil,AMRO,1262,58116,16,588
2024-02-25,ZA,South Africa,AFRO,522,22620,3,205
2024-02-25,IN,India,SEARO,1117,71173,11,741
2024-02-25,JP,Japan,WPRO,580,33654,6,313
2024-02-25,AU,Australia,WPRO,390,19406,4,151
2024-02-25,EG,Egypt,EMRO,255,16337,3,125
2024-02-26,BG,Bulgaria,EURO,253,11298,3,90
2024-02-26,DE,Germany,EURO,1057,51430,13,551
2024-02-26,IT,Italy,EURO,606,37774,4,350
2024-02-26,US,United States of America,AMRO,1306,79171,8,741
2024-02-26,BR,Brazil,AMRO,1051,59167,6,594
2024-02-26,ZA,South Africa,AFRO,407,23027,3,208
2024-02-26,IN,India,SEARO,1660,72833,11,752
2024-02-26,JP,Japan,WPRO,627,34281,3,316
2024-02-26,AU,Australia,WPRO,305,19711,2,153
2024-02-26,EG,Egypt,EMRO,330,16667,5,130
2024-02-27,BG,Bulgaria,EURO,187,11485,2,92
2024-02-27,DE,Germany,EURO,893,52323,9,560
2024-02-27,IT,Italy,EURO,828,38602,11,361
2024-02-27,US,United States of America,AMRO,1786,80957,11,752
2024-02-27,BR,Brazil,AMRO,1283,60450,15,609
2024-02-27,ZA,South Africa,AFRO,540,23567,5,213
2024-02-27,IN,India,SEARO,1260,74093,12,764
2024-02-27,JP,Japan,WPRO,770,35051,2,318
2024-02-27,AU,Australia,WPRO,305,20016,1,154
2024-02-27,EG,Egypt,EMRO,349,17016,4,134
2024-02-28,BG,Bulgaria,EURO,170,11655,0,92
2024-02-28,DE,Germany,EURO,936,53259,5,565
2024-02-28,IT,Italy,EURO,604,39206,1,362
2024-02-28,US,United States of America,AMRO,1761,82718,5,757
2024-02-28,BR,Brazil,AMRO,1166,61616,9,618
2024-02-28,ZA,South Africa,AFRO,523,24090,6,219
2024-02-28,IN,India,SEARO,1636,75729,22,786
2024-02-28,JP,Japan,WPRO,557,35608,4,322
2024-02-28,AU,Australia,WPRO,291,20307,4,158
2024-02-28,EG,Egypt,EMRO,315,17331,2,136
2024-02-29,BG,Bulgaria,EURO,199,11854,2,94
2024-02-29,DE,Germany,EURO,1080,54339,16,581
2024-02-29,IT,Italy,EURO,776,39982,4,366
2024-02-29,US,United States of America,AMRO,1327,84045,16,773
2024-02-29,BR,Brazil,AMRO,1020,62636,3,621
2024-02-29,ZA,South Africa,AFRO,399,24489,6,225
2024-02-29,IN,India,SEARO,1294,77023,18,804
2024-02-29,JP,Japan,WPRO,599,36207,6,328
2024-02-29,AU,Australia,WPRO,342,20649,4,162
2024-02-29,EG,Egypt,EMRO,251,17582,3,139
2024-03-01,BG,Bulgaria,EURO,261,12115,1,95
2024-03-01,DE,Germany,EURO,1166,55505,9,590
2024-03-01,IT,Italy,EURO,924,40906,8,374
2024-03-01,US,United States of America,AMRO,1871,85916,23,796
2024-03-01,BR,Brazil,AMRO,1416,64052,25,646
2024-03-01,ZA,South Africa,AFRO,581,25070,10,235
2024-03-01,IN,India,SEARO,1881,78904,28,832
2024-03-01,JP,Japan,WPRO,783,36990,8,336
2024-03-01,AU,Australia,WPRO,365,21014,0,162
2024-03-01,EG,Egypt,EMRO,455,18037,7,146
2024-03-02,BG,Bulgaria,EURO,253,12368,1,96
2024-03-02,DE,Germany,EURO,1018,56523,9,599
2024-03-02,IT,Italy,EURO,817,41723,2,376
2024-03-02,US,United States of America,AMRO,2045,87961,9,805
2024-03-02,BR,Brazil,AMRO,1314,65366,17,663
2024-03-02,ZA,South Africa,AFRO,486,25556,5,240
2024-03-02,IN,India,SEARO,1956,80860,28,860
2024-03-02,JP,Japan,WPRO,878,37868,4,340
2024-03-02,AU,Australia,WPRO,436,21450,5,167
2024-03-02,EG,Egypt,EMRO,340,18377,4,150
2024-03-03,BG,Bulgaria,EURO,289,12657,0,96
2024-03-03,DE,Germany,EURO,1392,57915,8,607
2024-03-03,IT,Italy,EURO,1021,42744,13,389
2024-03-03,US,United States of America,AMRO,2087,90048,6,811
2024-03-03,BR,Brazil,AMRO,1315,66681,13,676
2024-03-03,ZA,South Africa,AFRO,465,26021,2,242
2024-03-03,IN,India,SEARO,2068,82928,26,886
2024-03-03,JP,Japan,WPRO,703,38571,8,348
2024-03-03,AU,Australia,WPRO,372,21822,3,170
2024-03-03,EG,Egypt,EMRO,329,18706,4,154
2024-03-04,BG,Bulgaria,EURO,471,13128,1,97
2024-03-04,DE,Germany,EURO,2215,60130,8,615
2024-03-04,IT,Italy,EURO,1761,44505,5,394
2024-03-04,US,United States of America,AMRO,3863,93911,67,878
2024-03-04,BR,Brazil,AMRO,2928,69609,15,691
2024-03-04,ZA,South Africa,AFRO,1024,27045,5,247
2024-03-04,IN,India,SEARO,3606,86534,40,926
2024-03-04,JP,Japan,WPRO,1730,40301,21,369
2024-03-04,AU,Australia,WPRO,873,22695,4,174
2024-03-04,EG,Egypt,EMRO,742,19448,5,159
2024-03-05,BG,Bulgaria,EURO,275,13403,2,99
2024-03-05,DE,Germany,EURO,1382,61512,7,622
2024-03-05,IT,Italy,EURO,924,45429,13,407
2024-03-05,US,United States of America,AMRO,2053,95964,22,900
2024-03-05,BR,Brazil,AMRO,1382,70991,17,708
2024-03-05,ZA,South Africa,AFRO,459,27504,3,250
2024-03-05,IN,India,SEARO,1637,88171,17,943
2024-03-05,JP,Japan,WPRO,707,41008,12,381
2024-03-05,AU,Australia,WPRO,462,23157,3,177
2024-03-05,EG,Egypt,EMRO,416,19864,1,160
2024-03-06,BG,Bulgaria,EURO,221,13624,3,102
2024-03-06,DE,Germany,EURO,1285,62797,5,627
2024-03-06,IT,Italy,EURO,761,46190,2,409
2024-03-06,US,United States of America,AMRO,2080,98044,13,913
2024-03-06,BR,Brazil,AMRO,1314,72305,22,730
2024-03-06,ZA,South Africa,AFRO,460,27964,3,253
2024-03-06,IN,India,SEARO,1615,89786,23,966
2024-03-06,JP,Japan,WPRO,817,41825,8,389
2024-03-06,AU,Australia,WPRO,515,23672,6,183
2024-03-06,EG,Egypt,EMRO,452,20316,3,163
2024-03-07,BG,Bulgaria,EURO,280,13904,2,104
2024-03-07,DE,Germany,EURO,992,63789,16,643
2024-03-07,IT,Italy,EURO,839,47029,13,422
2024-03-07,US,United States of America,AMRO,2267,100311,15,928
2024-03-07,BR,Brazil,AMRO,1120,73425,5,735
2024-03-07,ZA,South Africa,AFRO,516,28480,2,255
2024-03-07,IN,India,SEARO,1497,91283,9,975
2024-03-07,JP,Japan,WPRO,850,42675,3,392
2024-03-07,AU,Australia,WPRO,431,24103,7,190
2024-03-07,EG,Egypt,EMRO,323,20639,3,166
2024-03-08,BG,Bulgaria,EURO,275,14179,4,108
2024-03-08,DE,Germany,EURO,1336,65125,17,660
2024-03-08,IT,Italy,EURO,758,47787,6,428
2024-03-08,US,United States of America,AMRO,1898,102209,29,957
2024-03-08,BR,Brazil,AMRO,1470,74895,16,751
2024-03-08,ZA,South Africa,AFRO,462,28942,6,261
2024-03-08,IN,India,SEARO,1683,92966,3,978
2024-03-08,JP,Japan,WPRO,906,43581,13,405
2024-03-08,AU,Australia,WPRO,450,24553,4,194
2024-03-08,EG,Egypt,EMRO,416,21055,1,167
2024-03-09,BG,Bulgaria,EURO,249,14428,0,108
2024-03-09,DE,Germany,EURO,1122,66247,18,678
2024-03-09,IT,Italy,EURO,1060,48847,3,431
2024-03-09,US,United States of America,AMRO,1628,103837,6,963
2024-03-09,BR,Brazil,AMRO,1336,76231,10,761
2024-03-09,ZA,South Africa,AFRO,572,29514,9,270
2024-03-09,IN,India,SEARO,1856,94822,27,1005
2024-03-09,JP,Japan,WPRO,936,44517,3,408
2024-03-09,AU,Australia,WPRO,448,25001,7,201
2024-03-09,EG,Egypt,EMRO,351,21406,2,169
2024-03-10,BG,Bulgaria,EURO,210,14638,2,110
2024-03-10,DE,Germany,EURO,1088,67335,4,682
2024-03-10,IT,Italy,EURO,924,49771,6,437
2024-03-10,US,United States of America,AMRO,2218,106055,9,972
2024-03-10,BR,Brazil,AMRO,1139,77370,2,763
2024-03-10,ZA,South Africa,AFRO,649,30163,7,277
2024-03-10,IN,India,SEARO,1773,96595,24,1029
2024-03-10,JP,Japan,WPRO,710,45227,2,410
2024-03-10,AU,Australia,WPRO,421,25422,7,208
2024-03-10,EG,Egypt,EMRO,317,21723,4,173
2024-03-11,BG,Bulgaria,EURO,260,14898,3,113
2024-03-11,DE,Germany,EURO,1402,68737,15,697
2024-03-11,IT,Italy,EURO,892,50663,8,445
2024-03-11,US,United States of America,AMRO,2040,108095,13,985
2024-03-11,BR,Brazil,AMRO,1562,78932,23,786
2024-03-11,ZA,South Africa,AFRO,574,30737,2,279
2024-03-11,IN,India,SEARO,1587,98182,16,1045
2024-03-11,JP,Japan,WPRO,931,46158,3,413
2024-03-11,AU,Australia,WPRO,416,25838,1,209
2024-03-11,EG,Egypt,EMRO,394,22117,2,175
2024-03-12,BG,Bulgaria,EURO,268,15166,2,115
2024-03-12,DE,Germany,EURO,1320,70057,17,714
2024-03-12,IT,Italy,EURO,800,51463,10,455
2024-03-12,US,United States of America,AMRO,2142,110237,22,1007
2024-03-12,BR,Brazil,AMRO,1575,80507,19,805
2024-03-12,ZA,South Africa,AFRO,571,31308,1,280
2024-03-12,IN,India,SEARO,1934,100116,22,1067
2024-03-12,JP,Japan,WPRO,795,46953,8,421
2024-03-12,AU,Australia,WPRO,402,26240,5,214
2024-03-12,EG,Egypt,EMRO,340,22457,5,180
2024-03-13,BG,Bulgaria,EURO,289,15455,1,116
2024-03-13,DE,Germany,EURO,1215,71272,11,725
2024-03-13,IT,Italy,EURO,901,52364,13,468
2024-03-13,US,United States of America,AMRO,1586,111823,27,1034
2024-03-13,BR,Brazil,AMRO,1552,82059,12,817
2024-03-13,ZA,South Africa,AFRO,634,31942,4,284
2024-03-13,IN,India,SEARO,1955,102071,8,1075
2024-03-13,JP,Japan,WPRO,916,47869,5,426
2024-03-13,AU,Australia,WPRO,508,26748,9,223
2024-03-13,EG,Egypt,EMRO,351,22808,6,186
2024-03-14,BG,Bulgaria,EURO,289,15744,0,116
2024-03-14,DE,Germany,EURO,1069,72341,2,727
2024-03-14,IT,Italy,EURO,802,53166,13,481
2024-03-14,US,United States of America,AMRO,1824,113647,18,1052
2024-03-14,BR,Brazil,AMRO,1115,83174,10,827
2024-03-14,ZA,South Africa,AFRO,445,32387,1,285
2024-03-14,IN,India,SEARO,1637,103708,27,1102
2024-03-14,JP,Japan,WPRO,657,48526,9,435
2024-03-14,AU,Australia,WPRO,520,27268,2,225
2024-03-14,EG,Egypt,EMRO,397,23205,3,189
2024-03-15,BG,Bulgaria,EURO,260,16004,2,118
2024-03-15,DE,Germany,EURO,1013,73354,13,740
2024-03-15,IT,Italy,EURO,795,53961,11,492
2024-03-15,US,United States of America,AMRO,1827,115474,27,1079
2024-03-15,BR,Brazil,AMRO,1451,84625,17,844
2024-03-15,ZA,South Africa,AFRO,646,33033,3,288
2024-03-15,IN,India,SEARO,1460,105168,24,1126
2024-03-15,JP,Japan,WPRO,691,49217,1,436
2024-03-15,AU,Australia,WPRO,404,27672,6,231
2024-03-15,EG,Egypt,EMRO,431,23636,6,195
2024-03-16,BG,Bulgaria,EURO,295,16299,4,122
2024-03-16,DE,Germany,EURO,1033,74387,14,754
2024-03-16,IT,Italy,EURO,851,54812,9,501
2024-03-16,US,United States of America,AMRO,1768,117242,22,1101
2024-03-16,BR,Brazil,AMRO,1502,86127,25,869
2024-03-16,ZA,South Africa,AFRO,586,33619,6,294
2024-03-16,IN,India,SEARO,1448,106616,20,1146
2024-03-16,JP,Japan,WPRO,877,50094,4,440
2024-03-16,AU,Australia,WPRO,460,28132,8,239
2024-03-16,EG,Egypt,EMRO,402,24038,3,198
2024-03-17,BG,Bulgaria,EURO,244,16543,2,124
2024-03-17,DE,Germany,EURO,1190,75577,17,771
2024-03-17,IT,Italy,EURO,1009,55821,6,507
2024-03-17,US,United States of America,AMRO,2011,119253,8,1109
2024-03-17,BR,Brazil,AMRO,1220,87347,3,872
2024-03-17,ZA,South Africa,AFRO,595,34214,3,297
2024-03-17,IN,India,SEARO,1404,108020,24,1170
2024-03-17,JP,Japan,WPRO,916,51010,15,455
2024-03-17,AU,Australia,WPRO,494,28626,4,243
2024-03-17,EG,Egypt,EMRO,402,24440,1,199
2024-03-18,BG,Bulgaria,EURO,224,16767,3,127
2024-03-18,DE,Germany,EURO,1428,77005,21,792
2024-03-18,IT,Italy,EURO,771,56592,2,509
2024-03-18,US,United States of America,AMRO,2228,121481,28,1137
2024-03-18,BR,Brazil,AMRO,1334,88681,17,889
2024-03-18,ZA,South Africa,AFRO,603,34817,1,298
2024-03-18,IN,India,SEARO,2070,110090,37,1207
2024-03-18,JP,Japan,WPRO,844,51854,3,458
2024-03-18,AU,Australia,WPRO,537,29163,8,251
2024-03-18,EG,Egypt,EMRO,472,24912,4,203
2024-03-19,BG,Bulgaria,EURO,317,17084,3,130
2024-03-19,DE,Germany,EURO,1438,78443,11,803
2024-03-19,IT,Italy,EURO,931,57523,14,523
2024-03-19,US,United States of America,AMRO,1994,123475,31,1168
2024-03-19,BR,Brazil,AMRO,1497,90178,17,906
2024-03-19,ZA,South Africa,AFRO,603,35420,5,303
2024-03-19,IN,India,SEARO,1953,112043,29,1236
2024-03-19,JP,Japan,WPRO,809,52663,8,466
2024-03-19,AU,Australia,WPRO,491,29654,5,256
2024-03-19,EG,Egypt,EMRO,368,25280,1,204
2024-03-20,BG,Bulgaria,EURO,297,17381,2,132
2024-03-20,DE,Germany,EURO,1099,79542,18,821
2024-03-20,IT,Italy,EURO,746,58269,5,528
2024-03-20,US,United States of America,AMRO,1592,125067,14,1182
2024-03-20,BR,Brazil,AMRO,1499,91677,25,931
2024-03-20,ZA,South Africa,AFRO,661,36081,6,309
2024-03-20,IN,India,SEARO,1448,113491,12,1248
2024-03-20,JP,Japan,WPRO,748,53411,10,476
2024-03-20,AU,Australia,WPRO,474,30128,1,257
2024-03-20,EG,Egypt,EMRO,340,25620,1,205
2024-03-21,BG,Bulgaria,EURO,277,17658,3,135
2024-03-21,DE,Germany,EURO,1329,80871,21,842
2024-03-21,IT,Italy,EURO,1065,59334,6,534
2024-03-21,US,United States of America,AMRO,1922,126989,13,1195
2024-03-21,BR,Brazil,AMRO,1458,93135,20,951
2024-03-21,ZA,South Africa,AFRO,462,36543,3,312
2024-03-21,IN,India,SEARO,1433,114924,11,1259
2024-03-21,JP,Japan,WPRO,931,54342,16,492
2024-03-21,AU,Australia,WPRO,375,30503,0,257
2024-03-21,EG,Egypt,EMRO,399,26019,4,209
2024-03-22,BG,Bulgaria,EURO,222,17880,1,136
2024-03-22,DE,Germany,EURO,1319,82190,13,855
2024-03-22,IT,Italy,EURO,1055,60389,17,551
2024-03-22,US,United States of America,AMRO,1655,128644,26,1221
2024-03-22,BR,Brazil,AMRO,1382,94517,12,963
2024-03-22,ZA,South Africa,AFRO,489,37032,4,316
2024-03-22,IN,India,SEARO,1956,116880,25,1284
2024-03-22,JP,Japan,WPRO,819,55161,6,498
2024-03-22,AU,Australia,WPRO,470,30973,7,264
2024-03-22,EG,Egypt,EMRO,404,26423,5,214
2024-03-23,BG,Bulgaria,EURO,229,18109,2,138
2024-03-23,DE,Germany,EURO,1371,83561,19,874
2024-03-23,IT,Italy,EURO,979,61368,5,556
2024-03-23,US,United States of America,AMRO,2291,130935,20,1241
2024-03-23,BR,Brazil,AMRO,1363,95880,9,972
2024-03-23,ZA,South Africa,AFRO,559,37591,6,322
2024-03-23,IN,India,SEARO,1827,118707,12,1296
2024-03-23,JP,Japan,WPRO,763,55924,2,500
2024-03-23,AU,Australia,WPRO,426,31399,1,265
2024-03-23,EG,Egypt,EMRO,396,26819,6,220
2024-03-24,BG,Bulgaria,EURO,251,18360,0,138
2024-03-24,DE,Germany,EURO,1195,84756,8,882
2024-03-24,IT,Italy,EURO,946,62314,2,558
2024-03-24,US,United States of America,AMRO,2007,132942,18,1259
2024-03-24,BR,Brazil,AMRO,1198,97078,15,987
2024-03-24,ZA,South Africa,AFRO,527,38118,5,327
2024-03-24,IN,India,SEARO,1647,120354,6,1302
2024-03-24,JP,Japan,WPRO,766,56690,10,510
2024-03-24,AU,Australia,WPRO,370,31769,1,266
2024-03-24,EG,Egypt,EMRO,459,27278,7,227
2024-03-25,BG,Bulgaria,EURO,498,18858,8,146
2024-03-25,DE,Germany,EURO,2423,87179,24,906
2024-03-25,IT,Italy,EURO,1659,63973,11,569
2024-03-25,US,United States of America,AMRO,3715,136657,41,1300
2024-03-25,BR,Brazil,AMRO,2872,99950,35,1022
2024-03-25,ZA,South Africa,AFRO,1067,39185,17,344
2024-03-25,IN,India,SEARO,3680,124034,65,1367
2024-03-25,JP,Japan,WPRO,1429,58119,16,526
2024-03-25,AU,Australia,WPRO,967,32736,2,268
2024-03-25,EG,Egypt,EMRO,754,28032,4,231
2024-03-26,BG,Bulgaria,EURO,275,19133,4,150
2024-03-26,DE,Germany,EURO,1033,88212,3,909
2024-03-26,IT,Italy,EURO,732,64705,6,575
2024-03-26,US,United States of America,AMRO,2252,138909,5,1305
2024-03-26,BR,Brazil,AMRO,1174,101124,3,1025
2024-03-26,ZA,South Africa,AFRO,603,39788,6,350
2024-03-26,IN,India,SEARO,1819,125853,19,1386
2024-03-26,JP,Japan,WPRO,895,59014,2,528
2024-03-26,AU,Australia,WPRO,464,33200,3,271
2024-03-26,EG,Egypt,EMRO,453,28485,4,235
2024-03-27,BG,Bulgaria,EURO,222,19355,0,150
2024-03-27,DE,Germany,EURO,1133,89345,13,922
2024-03-27,IT,Italy,EURO,960,65665,13,588
2024-03-27,US,United States of America,AMRO,1643,140552,28,1333
2024-03-27,BR,Brazil,AMRO,1443,102567,19,1044
2024-03-27,ZA,South Africa,AFRO,487,40275,4,354
2024-03-27,IN,India,SEARO,1674,127527,11,1397
2024-03-27,JP,Japan,WPRO,895,59909,10,538
2024-03-27,AU,Australia,WPRO,493,33693,8,279
2024-03-27,EG,Egypt,EMRO,384,28869,6,241
2024-03-28,BG,Bulgaria,EURO,283,19638,4,154
2024-03-28,DE,Germany,EURO,1040,90385,6,928
2024-03-28,IT,Italy,EURO,962,66627,11,599
2024-03-28,US,United States of America,AMRO,1977,142529,15,1348
2024-03-28,BR,Brazil,AMRO,1543,104110,20,1064
2024-03-28,ZA,South Africa,AFRO,447,40722,5,359
2024-03-28,IN,India,SEARO,2034,129561,20,1417
2024-03-28,JP,Japan,WPRO,749,60658,9,547
2024-03-28,AU,Australia,WPRO,408,34101,3,282
2024-03-28,EG,Egypt,EMRO,380,29249,2,243
2024-03-29,BG,Bulgaria,EURO,268,19906,4,158
2024-03-29,DE,Germany,EURO,1154,91539,15,943
2024-03-29,IT,Italy,EURO,880,67507,8,607
2024-03-29,US,United States of America,AMRO,1581,144110,19,1367
2024-03-29,BR,Brazil,AMRO,1518,105628,16,1080
2024-03-29,ZA,South Africa,AFRO,642,41364,7,366
2024-03-29,IN,India,SEARO,1611,131172,10,1427
2024-03-29,JP,Japan,WPRO,872,61530,13,560
2024-03-29,AU,Australia,WPRO,419,34520,5,287
2024-03-29,EG,Egypt,EMRO,397,29646,5,248
2024-03-30,BG,Bulgaria,EURO,255,20161,2,160
2024-03-30,DE,Germany,EURO,1356,92895,3,946
2024-03-30,IT,Italy,EURO,821,68328,5,612
2024-03-30,US,United States of America,AMRO,1679,145789,21,1388
2024-03-30,BR,Brazil,AMRO,1472,107100,5,1085
2024-03-30,ZA,South Africa,AFRO,634,41998,4,370
2024-03-30,IN,India,SEARO,1983,133155,15,1442
2024-03-30,JP,Japan,WPRO,668,62198,4,564
2024-03-30,AU,Australia,WPRO,443,34963,7,294
2024-03-30,EG,Egypt,EMRO,323,29969,2,250
